LOCUS,ALLELE
A,A*01:01
A,A*01:02
A,A*01:03
A,A*02:01
A,A*02:02
A,A*02:03
A,A*02:04
A,A*02:05
A,A*02:06
A,A*02:07
A,A*02:08
A,A*02:09
A,A*02:10
A,A*02:11
A,A*02:14
A,A*02:17
A,A*02:20
A,A*03:01
A,A*03:02
A,A*11:01
A,A*11:02
A,A*23:01
A,A*24:02
A,A*24:03
A,A*24:07
A,A*24:10
A,A*24:33
A,A*25:01
A,A*26:01
A,A*26:08
A,A*29:01
A,A*29:02
A,A*30:01
A,A*30:02
A,A*30:04
A,A*31:01
A,A*32:01
A,A*33:01
A,A*33:03
A,A*34:01
A,A*34:02
A,A*36:01
A,A*43:01
A,A*66:01
A,A*66:02
A,A*68:01
A,A*68:01
A,A*68:02
A,A*68:03
A,A*68:05
A,A*69:01
A,A*74:01
A,A*80:01
B,B*07:02
B,B*07:04
B,B*07:05
B,B*07:06
B,B*07:10
B,B*08:01
B,B*13:01
B,B*13:02
B,B*14:01
B,B*14:02
B,B*15:01
B,B*15:02
B,B*15:03
B,B*15:07
B,B*15:08
B,B*15:09
B,B*15:10
B,B*15:11
B,B*15:12
B,B*15:13
B,B*15:15
B,B*15:16
B,B*15:17
B,B*15:18
B,B*15:21
B,B*15:25
B,B*15:30
B,B*15:32
B,B*15:34
B,B*15:35
B,B*15:39
B,B*18:01
B,B*18:02
B,B*18:03
B,B*18:04
B,B*27:02
B,B*27:03
B,B*27:04
B,B*27:05
B,B*27:06
B,B*27:07
B,B*27:08
B,B*35:01
B,B*35:02
B,B*35:03
B,B*35:05
B,B*35:08
B,B*35:12
B,B*35:14
B,B*35:16
B,B*35:17
B,B*35:20
B,B*35:21
B,B*35:43
B,B*37:01
B,B*38:01
B,B*38:02
B,B*39:01
B,B*39:02
B,B*39:05
B,B*39:06
B,B*39:08
B,B*39:10
B,B*39:13
B,B*39:15
B,B*39:24
B,B*40:01
B,B*40:02
B,B*40:05
B,B*40:06
B,B*40:08
B,B*40:10
B,B*40:27
B,B*41:01
B,B*41:02
B,B*41:03
B,B*42:01
B,B*42:02
B,B*44:02
B,B*44:03
B,B*44:03
B,B*44:04
B,B*44:05
B,B*44:10
B,B*44:27
B,B*45:01
B,B*46:01
B,B*47:01
B,B*48:01
B,B*48:03
B,B*49:01
B,B*50:01
B,B*50:02
B,B*51:01
B,B*51:02
B,B*51:06
B,B*51:07
B,B*51:08
B,B*51:09
B,B*52:01
B,B*52:01
B,B*53:01
B,B*54:01
B,B*55:01
B,B*55:02
B,B*56:01
B,B*57:01
B,B*57:02
B,B*57:03
B,B*58:01
B,B*58:02
B,B*59:01
B,B*67:01
B,B*73:01
B,B*78:01
B,B*81:01
B,B*82:01
C,C*01:02
C,C*02:02
C,C*02:10
C,C*03:02
C,C*03:03
C,C*03:03
C,C*03:04
C,C*03:04
C,C*03:05
C,C*03:06
C,C*04:01
C,C*04:03
C,C*04:07
C,C*04:09
C,C*05:01
C,C*05:07
C,C*06:02
C,C*07:01
C,C*07:02
C,C*07:04
C,C*07:06
C,C*07:18
C,C*08:01
C,C*08:02
C,C*08:03
C,C*08:04
C,C*08:06
C,C*12:02
C,C*12:03
C,C*12:04
C,C*14:02
C,C*14:03
C,C*15:02
C,C*15:04
C,C*15:05
C,C*15:06
C,C*16:01
C,C*16:02
C,C*16:04
C,C*17:01
C,C*18:01
C,C*18:02
DPB1,DPB1*01:01
DPB1,DPB1*02:01
DPB1,DPB1*02:02
DPB1,DPB1*03:01
DPB1,DPB1*04:01
DPB1,DPB1*04:02
DPB1,DPB1*05:01
DPB1,DPB1*06:01
DPB1,DPB1*105:0
DPB1,DPB1*09:01
DPB1,DPB1*10:01
DPB1,DPB1*11:01
DPB1,DPB1*13:01
DPB1,DPB1*14:01
DPB1,DPB1*15:01
DPB1,DPB1*16:01
DPB1,DPB1*17:01
DPB1,DPB1*18:01
DPB1,DPB1*19:01
DPB1,DPB1*20:01
DPB1,DPB1*21:01
DPB1,DPB1*23:01
DPB1,DPB1*30:01
DPB1,DPB1*40:01
DPB1,DPB1*85:01
DQA1,DQA1*01:01
DQA1,DQA1*01:02
DQA1,DQA1*01:03
DQA1,DQA1*01:04
DQA1,DQA1*02:01
DQA1,DQA1*03:01
DQA1,DQA1*03:02
DQA1,DQA1*03:03
DQA1,DQA1*04:01
DQA1,DQA1*05:01
DQA1,DQA1*05:03
DQA1,DQA1*05:05
DQA1,DQA1*06:01
DQB1,DQB1*02:01
DQB1,DQB1*02:02
DQB1,DQB1*03:01
DQB1,DQB1*03:02
DQB1,DQB1*03:03
DQB1,DQB1*03:04
DQB1,DQB1*03:05
DQB1,DQB1*03:19
DQB1,DQB1*04:01
DQB1,DQB1*04:02
DQB1,DQB1*05:01
DQB1,DQB1*05:02
DQB1,DQB1*05:03
DQB1,DQB1*05:04
DQB1,DQB1*06:01
DQB1,DQB1*06:02
DQB1,DQB1*06:03
DQB1,DQB1*06:04
DQB1,DQB1*06:09
DRB1,DRB1*01:01
DRB1,DRB1*01:02
DRB1,DRB1*01:03
DRB1,DRB1*03:01
DRB1,DRB1*03:02
DRB1,DRB1*04:01
DRB1,DRB1*04:02
DRB1,DRB1*04:03
DRB1,DRB1*04:04
DRB1,DRB1*04:05
DRB1,DRB1*04:06
DRB1,DRB1*04:07
DRB1,DRB1*04:08
DRB1,DRB1*04:10
DRB1,DRB1*04:11
DRB1,DRB1*04:38
DRB1,DRB1*07:01
DRB1,DRB1*08:01
DRB1,DRB1*08:02
DRB1,DRB1*08:03
DRB1,DRB1*08:04
DRB1,DRB1*08:04
DRB1,DRB1*08:06
DRB1,DRB1*08:10
DRB1,DRB1*08:11
DRB1,DRB1*08:14
DRB1,DRB1*09:01
DRB1,DRB1*10:01
DRB1,DRB1*11:01
DRB1,DRB1*11:01
DRB1,DRB1*11:02
DRB1,DRB1*11:03
DRB1,DRB1*11:04
DRB1,DRB1*11:06
DRB1,DRB1*11:09
DRB1,DRB1*11:10
DRB1,DRB1*11:12
DRB1,DRB1*11:14
DRB1,DRB1*11:15
DRB1,DRB1*12:01
DRB1,DRB1*12:02
DRB1,DRB1*13:01
DRB1,DRB1*13:02
DRB1,DRB1*13:03
DRB1,DRB1*13:04
DRB1,DRB1*13:05
DRB1,DRB1*13:10
DRB1,DRB1*14:01
DRB1,DRB1*14:02
DRB1,DRB1*14:03
DRB1,DRB1*14:04
DRB1,DRB1*14:05
DRB1,DRB1*14:06
DRB1,DRB1*14:07
DRB1,DRB1*14:18
DRB1,DRB1*14:54
DRB1,DRB1*15:01
DRB1,DRB1*15:02
DRB1,DRB1*15:03
DRB1,DRB1*15:06
DRB1,DRB1*16:01
DRB1,DRB1*16:02
DRB3,DRB3*01:01
DRB3,DRB3*01:01
DRB3,DRB3*02:01
DRB3,DRB3*02:02
DRB3,DRB3*02:03
DRB3,DRB3*03:01
DRB4,DRB4*01:01
DRB4,DRB4*01:02
DRB4,DRB4*01:03
DRB4,DRB4*01:03
DRB5,DRB5*01:01
DRB5,DRB5*01:01
DRB5,DRB5*01:02
DRB5,DRB5*02:02
DRB5,DRB5*02:03
